,,,,,,,,,,,,,,,,,,,,,,AFS Days,Shipment Plan Days,,,,,Bunch Qty,,,to ship,,,
,,,,,,,,,,,,,,,,,,,,,,30,40,,,,,2,,,1347,,,
Group Name,SKU,Title,Category,Int – WH,Dec – WH,Non Apron Qty,APR- Sky Blue,APR- Dark Blue,APR- Brown,APR- Green,APR- Tan,APR- Black,APR- Red,APR- Grey,weight,Total Weight, ,HSN,GST ,COST,SKU,Title,Tra. Qty,quantity,Available Qty,Fulfilment ID,Sale-Total,Sale-WH,Ship – WH,Sum,Final – WH,,,
APR- Black,Apron_Black,CRASOME Polyester Kitchen Apron for Men Women Chef Cooking Restaurants gardening workshop barbers With Pockets and Adjustable Strap ( Black ),Apron,,,,,,,,,,,,140,,,630222,5,60,Apron_Black,CRASOME Polyester Kitchen Apron for Men Women Chef Cooking Restaurants gardening workshop barbers With Pockets and Adjustable Strap ( Black ),0,51,51,BLR4,24,24,-19,,,,,
APR- Dark Blue,Apron_Blue,CRASOME Polyester Kitchen Apron for Men Women Chef Cooking Restaurants gardening workshop barbers With Pockets and Adjustable Strap (Blue),Apron,8,0,,,16,,,,,,,140,2240,,630222,5,60,Apron_Blue,CRASOME Polyester Kitchen Apron for Men Women Chef Cooking Restaurants gardening workshop barbers With Pockets and Adjustable Strap (Blue),0,36,36,BLR4,40,39,16,,16,,,FALSE
APR- Brown,Apron_Brown,"CRASOME Polyester Kitchen Apron for Men Women Chef Cooking Restaurants gardening workshop, barbers With Pockets and Adjustable Strap ( Brown )",Apron,,,,,,,,,,,,140,,,630222,5,60,Apron_Brown,"CRASOME Polyester Kitchen Apron for Men Women Chef Cooking Restaurants gardening workshop, barbers With Pockets and Adjustable Strap ( Brown )",15,121,136,BLR4,90,84,-24,,,,,
APR- Grey,Apron_Grey,"CRASOME Polyester Kitchen Apron for Men Women Chef Cooking Restaurants gardening workshop, barbers With Pockets and Adjustable Strap ( Grey )",Apron,,,,,,,,,,,,140,,,630222,5,60,Apron_Grey,"CRASOME Polyester Kitchen Apron for Men Women Chef Cooking Restaurants gardening workshop, barbers With Pockets and Adjustable Strap ( Grey )",20,27,47,BLR4,23,19,-21,,,,,
APR- Red,Apron_Red,"CRASOME Polyester Kitchen Apron for Men Women Chef Cooking Restaurants gardening workshop, barbers With Pockets and Adjustable Strap ( Red )",Apron,2,0.5,,,,,,,,6,,140,840,,630222,5,60,Apron_Red,"CRASOME Polyester Kitchen Apron for Men Women Chef Cooking Restaurants gardening workshop, barbers With Pockets and Adjustable Strap ( Red )",0,2,2,BLR4,7,5,5,,6,,,
APR- Tan,CRM_AP_TAN,"CRASOME Apron for Men Women Chef Cooking Restaurants Gardening Workshop, Barbers with Adjustable Strap and Two Pockets",Apron,21,0,,,,,,42,,,,140,5880,,630222,5,60,CRM_AP_TAN,"CRASOME Apron for Men Women Chef Cooking Restaurants Gardening Workshop, Barbers with Adjustable Strap and Two Pockets",10,35,45,BLR4,65,65,42,,42,,,
APR- Green,CRM_AP_GREEN,"CRASOME Apron for Men Women Chef Cooking Restaurants Gardening Workshop, Barbers with Adjustable Strap and Two Pockets",Apron,,,,,,,,,,,,140,,,630222,5,60,CRM_AP_GREEN,"CRASOME Apron for Men Women Chef Cooking Restaurants Gardening Workshop, Barbers with Adjustable Strap and Two Pockets",10,67,77,BLR4,39,47,-14,,,,,
APR- Black,CRM_AP_BLACK_PACK OF 2,"CRASOME Apron for Men Women Chef Cooking Restaurants Gardening Workshop, Barbers with Adjustable Strap and Two Pockets (Black_Pack of 2)",Apron,,,,,,,,,,,,220,,,630222,5,120,CRM_AP_BLACK_PACK OF 2,"CRASOME Apron for Men Women Chef Cooking Restaurants Gardening Workshop, Barbers with Adjustable Strap and Two Pockets (Black_Pack of 2)",0,89,89,BLR4,69,65,-2,,,,,
APR- Dark Blue,CRM_AP_BLUE_PACK OF 2,"CRASOME Apron for Men Women Chef Cooking Restaurants Gardening Workshop, Barbers with Adjustable Strap and Two Pockets ( Blue_Pack of 2)",Apron,11,0,,,30,,,,,,,220,3300,,630222,5,120,CRM_AP_BLUE_PACK OF 2,"CRASOME Apron for Men Women Chef Cooking Restaurants Gardening Workshop, Barbers with Adjustable Strap and Two Pockets ( Blue_Pack of 2)",0,0,0,BLR4,16,16,22,,15,,,
APR- Brown,CRM_AP_BROWN_PACK OF 2,"CRASOME Apron for Men Women Chef Cooking Restaurants Gardening Workshop, Barbers with Adjustable Strap and Two Pockets ( Brown_Pack of 2)",Apron,,,,,,,,,,,,220,,,630222,5,120,CRM_AP_BROWN_PACK OF 2,"CRASOME Apron for Men Women Chef Cooking Restaurants Gardening Workshop, Barbers with Adjustable Strap and Two Pockets ( Brown_Pack of 2)",10,31,41,BLR4,23,21,-13,,,,,
APR- Green,CRM_AP_GREEN_PACK OF 2,"CRASOME Apron for Men Women Chef Cooking Restaurants Gardening Workshop, Barbers with Adjustable Strap and Two Pockets ( Green_Pack of 2)",Apron,1,0.5,,,,,8,,,,,220,880,,630222,5,120,CRM_AP_GREEN_PACK OF 2,"CRASOME Apron for Men Women Chef Cooking Restaurants Gardening Workshop, Barbers with Adjustable Strap and Two Pockets ( Green_Pack of 2)",5,7,12,BLR4,12,11,3,,4,,,
APR- Grey,CRM_AP_GREY_PACK OF 2,"CRASOME Apron for Men Women Chef Cooking Restaurants Gardening Workshop, Barbers with Adjustable Strap and Two Pockets ( Grey_Pack of 2)",Apron,,,,,,,,,,,,220,,,630222,5,120,CRM_AP_GREY_PACK OF 2,"CRASOME Apron for Men Women Chef Cooking Restaurants Gardening Workshop, Barbers with Adjustable Strap and Two Pockets ( Grey_Pack of 2)",0,31,31,BLR4,7,5,-24,,,,,
APR- Red,CRM_AP_RED_PACK OF 2,"CRASOME Apron for Men Women Chef Cooking Restaurants Gardening Workshop, Barbers with Adjustable Strap and Two Pockets ( Red_Pack of 2)",Apron,,,,,,,,,,,,220,,,630222,5,120,CRM_AP_RED_PACK OF 2,"CRASOME Apron for Men Women Chef Cooking Restaurants Gardening Workshop, Barbers with Adjustable Strap and Two Pockets ( Red_Pack of 2)",0,26,26,BLR4,4,4,-20,,,,,
APR- Tan,CRM_AP_TEN _PACK OF 2,"CRASOME Apron for Men Women Chef Cooking Restaurants Gardening Workshop, Barbers with Adjustable Strap and Two Pockets ( Ten_Pack of 2)",Apron,2,0.5,,,,,,12,,,,220,1320,,630222,5,120,CRM_AP_TEN _PACK OF 2,"CRASOME Apron for Men Women Chef Cooking Restaurants Gardening Workshop, Barbers with Adjustable Strap and Two Pockets ( Ten_Pack of 2)",20,34,54,BLR4,44,44,5,,6,,,
APR- Black,CRM_AP_BLACK_PACK OF 3,"CRASOME Apron for Men Women Chef Cooking Restaurants Gardening Workshop, Barbers with Adjustable Strap and Two Pockets (Black_Pack of 3)",Apron,,,,,,,,,,,,390,,,630222,5,180,CRM_AP_BLACK_PACK OF 3,"CRASOME Apron for Men Women Chef Cooking Restaurants Gardening Workshop, Barbers with Adjustable Strap and Two Pockets (Black_Pack of 3)",0,20,20,BLR4,8,7,-10,,,,,
APR- Dark Blue,CRM_AP_BLUE_PACK OF 3,"CRASOME Apron for Men Women Chef Cooking Restaurants Gardening Workshop, Barbers with Adjustable Strap and Two Pockets ( Blue_Pack of 3)",Apron,,,,,,,,,,,,390,,,630222,5,180,CRM_AP_BLUE_PACK OF 3,"CRASOME Apron for Men Women Chef Cooking Restaurants Gardening Workshop, Barbers with Adjustable Strap and Two Pockets ( Blue_Pack of 3)",0,12,12,BLR4,4,4,-6,,,,,
APR- Brown,CRM_AP_BROWN_PACK OF 3,"CRASOME Apron for Men Women Chef Cooking Restaurants Gardening Workshop, Barbers with Adjustable Strap and Two Pockets ( Brown_Pack of 3)",Apron,6,0,,,,36,,,,,,390,4680,,630222,5,180,CRM_AP_BROWN_PACK OF 3,"CRASOME Apron for Men Women Chef Cooking Restaurants Gardening Workshop, Barbers with Adjustable Strap and Two Pockets ( Brown_Pack of 3)",0,3,3,BLR4,11,11,12,,12,,,
APR- Green,CRM_AP_GREEN_PACK OF 3,"CRASOME Apron for Men Women Chef Cooking Restaurants Gardening Workshop, Barbers with Adjustable Strap and Two Pockets ( Green_Pack of 3 )",Apron,,,,,,,,,,,,390,,,630222,5,180,CRM_AP_GREEN_PACK OF 3,"CRASOME Apron for Men Women Chef Cooking Restaurants Gardening Workshop, Barbers with Adjustable Strap and Two Pockets ( Green_Pack of 3 )",5,5,10,BLR4,5,5,-3,,,,,
APR- Red,CRM_AP_RED_PACK OF 3,"CRASOME Apron for Men Women Chef Cooking Restaurants Gardening Workshop, Barbers with Adjustable Strap and Two Pockets ( Red_Pack of 3 )",Apron,3,0,,,,,,,,18,,390,2340,,630222,5,180,CRM_AP_RED_PACK OF 3,"CRASOME Apron for Men Women Chef Cooking Restaurants Gardening Workshop, Barbers with Adjustable Strap and Two Pockets ( Red_Pack of 3 )",0,4,4,BLR4,7,7,6,,6,,,
APR- Tan,CRM_AP_TEN _PACK OF 3,"CRASOME Apron for Men Women Chef Cooking Restaurants Gardening Workshop, Barbers with Adjustable Strap and Two Pockets ( Ten_Pack of 3)",Apron,,,,,,,,,,,,390,,,630222,5,180,CRM_AP_TEN _PACK OF 3,"CRASOME Apron for Men Women Chef Cooking Restaurants Gardening Workshop, Barbers with Adjustable Strap and Two Pockets ( Ten_Pack of 3)",0,24,24,BLR4,20,16,-2,,,,,
BAJAJ,Bajaj_1,CRASOME Dust Proof Washable Kitchen Wet Grinder Cover for 2L Table Top Butterfly Rhino | Butterfly Smart | Butterfly Hippo CSM-BJ (Blue),WG,,,,,,,,,,,,144,,,630790,5,55,Bajaj_1,CRASOME Dust Proof Washable Kitchen Wet Grinder Cover for 2L Table Top Butterfly Rhino | Butterfly Smart | Butterfly Hippo CSM-BJ (Blue),0,7,7,BLR4,6,4,-1,,,,,
BAJAJ,Bajaj_2,CRASOME Dust Proof Washable Kitchen Wet Grinder Cover for 2L Table Top Elgi Ultra Perfect S | Elgi Ultra Perfect Plus | 1.25L Table Top Ultra Mini CSM-BJ (Blue),WG,,,,,,,,,,,,144,,,630790,5,55,Bajaj_2,CRASOME Dust Proof Washable Kitchen Wet Grinder Cover for 2L Table Top Elgi Ultra Perfect S | Elgi Ultra Perfect Plus | 1.25L Table Top Ultra Mini CSM-BJ (Blue),0,17,17,BLR4,10,9,-5,,,,,
BAJAJ,Bajaj_3,CRASOME Dust Proof Washable Wet Grinder Cover for 2L Table Top Lakshmi | Prestige PWG 07 | Vidiem Vision CSM-BJ (Blue),WG,,,,,,,,,,,,144,,,630790,5,55,Bajaj_3,CRASOME Dust Proof Washable Wet Grinder Cover for 2L Table Top Lakshmi | Prestige PWG 07 | Vidiem Vision CSM-BJ (Blue),5,36,41,BLR4,20,20,-14,,,,,
BAJAJ,Bajaj_4,CRASOME Dust Proof Washable Kitchen Wet Grinder Cover for 2L Table Top Bajaj WX 1 | Bajaj WX 3 CSM-BJ (Blue),WG,2,0.5,10,,,,,,,,,144,1440,,630790,5,55,Bajaj_4,CRASOME Dust Proof Washable Kitchen Wet Grinder Cover for 2L Table Top Bajaj WX 1 | Bajaj WX 3 CSM-BJ (Blue),25,1,26,BLR4,24,23,5,,10,,,
Bajaj (Grey),CRM-WG-NW-Ultra-Grey,"Crasome Dust Proof Water Resistant Kitchen Wet Grinder Cover for 2 Litre Table Top Ultra Perfect S | Ultra Perfect Plus | 1.25 Litre Ultra Mini - Grey",WG NW,13,0,50,,,,,,,,,90,4500,,630790,5,40,CRM-WG-NW-Ultra-Grey,"Crasome Dust Proof Water Resistant Kitchen Wet Grinder Cover for 2 Litre Table Top Ultra Perfect S | Ultra Perfect Plus | 1.25 Litre Ultra Mini - Grey",150,295,445,BLR4,377,353,26,,50,,,
Bajaj (Black),CRM-WG-NW-Ultra-Black,"Crasome Dust Proof Water Resistant Kitchen Wet Grinder Cover for 2 Litre Table Top Ultra Perfect S | Ultra Perfect Plus | 1.25 Litre Ultra Mini - Black",WG NW,6,0,20,,,,,,,,,90,1800,,630790,5,40,CRM-WG-NW-Ultra-Black,"Crasome Dust Proof Water Resistant Kitchen Wet Grinder Cover for 2 Litre Table Top Ultra Perfect S | Ultra Perfect Plus | 1.25 Litre Ultra Mini - Black",0,48,48,BLR4,49,45,12,,20,,,
Bajaj (Grey),CRM-WG-NW-Butterfly-Grey,"Crasome Dust Proof Water Resistant Kitchen Wet Grinder Cover for 2 Litre Table Top Butterfly Rhino | Butterfly Smart | Butterfly Hippo - Grey",WG NW,,,,,,,,,,,,90,,,630790,5,40,CRM-WG-NW-Butterfly-Grey,"Crasome Dust Proof Water Resistant Kitchen Wet Grinder Cover for 2 Litre Table Top Butterfly Rhino | Butterfly Smart | Butterfly Hippo - Grey",50,124,174,BLR4,105,106,-32,,,,,
Bajaj (Black),CRM-WG-NW-Butterfly-Black,"Crasome Dust Proof Water Resistant Kitchen Wet Grinder Cover for 2 Litre Table Top Butterfly Rhino | Butterfly Smart | Butterfly Hippo - Black",WG NW,8,0,20,,,,,,,,,90,1800,,630790,5,40,CRM-WG-NW-Butterfly-Black,"Crasome Dust Proof Water Resistant Kitchen Wet Grinder Cover for 2 Litre Table Top Butterfly Rhino | Butterfly Smart | Butterfly Hippo - Black",0,19,19,BLR4,30,26,16,,20,,,
Bajaj (Black),CRM-WG-NW-Ultra-Grind+-Black,Crasome Dust Proof Water Resistant Kitchen Wet Grinder Cover for 2 Litre Table Top Ultra Grind+ Gold - Black,WG NW,,,,,,,,,,,,90,,,630790,5,40,CRM-WG-NW-Ultra-Grind+-Black,Crasome Dust Proof Water Resistant Kitchen Wet Grinder Cover for 2 Litre Table Top Ultra Grind+ Gold - Black,5,60,65,BLR4,44,43,-7,,,,,
Bajaj (Grey),CRM-WG-NW-Ultra-Grind+-Grey,Crasome Dust Proof Water Resistant Kitchen Wet Grinder Cover for 2 Litre Table Top Ultra Grind+ Gold - Grey,WG NW,,,,,,,,,,,,90,,,630790,5,40,CRM-WG-NW-Ultra-Grind+-Grey,Crasome Dust Proof Water Resistant Kitchen Wet Grinder Cover for 2 Litre Table Top Ultra Grind+ Gold - Grey,80,240,320,BLR4,185,179,-81,,,,,
BAJAJ,Ultra_1,CRASOME Dust Proof Washable Kitchen Wet Grinder Cover for 2.5L Table Top Ultra Grind Plus Gold | Ultra Bigg Plus CSM-UL (Blue),WG,1,0,20,,,,,,,,,181,3620,,630790,5,55,Ultra_1,CRASOME Dust Proof Washable Kitchen Wet Grinder Cover for 2.5L Table Top Ultra Grind Plus Gold | Ultra Bigg Plus CSM-UL (Blue),30,104,134,BLR4,101,100,0,,20,,,
DC (NW Black),CRM_NW_BLACK_DC,"CRASOME Water Dispenser Bottle Dust Cover, Durable Fabric Dust Proof Cover for 20L Water Bottle (Black)",NW-DC,10,0,20,,,,,,,,,85,1700,,630790,5,30,CRM_NW_BLACK_DC,"CRASOME Water Dispenser Bottle Dust Cover, Durable Fabric Dust Proof Cover for 20L Water Bottle (Black)",0,54,54,BLR4,63,55,20,,20,,,
DC (NW Grey),CRM_NW_GREY_DC,"CRASOME Water Dispenser Bottle Dust Cover, Durable Fabric Dust Proof Cover for 20L Water Bottle (Grey)",NW-DC,1,0,2,,,,,,,,,85,170,,630790,5,30,CRM_NW_GREY_DC,"CRASOME Water Dispenser Bottle Dust Cover, Durable Fabric Dust Proof Cover for 20L Water Bottle (Grey)",20,52,72,BLR4,53,55,2,,2,,,
DC (NW Black),CRM_NW_BLACK_DC_PACK OF 5,CRASOME Water Dispenser 20 Liter Bottle Jar Cover (Black Pack of 5),NW-DC,,,0,,,,,,,,,425,,,630790,5,150,CRM_NW_BLACK_DC_PACK OF 5,CRASOME Water Dispenser 20 Liter Bottle Jar Cover (Black Pack of 5),20,0,20,BLR4,12,12,-4,,,,,
DC (NW Grey),CRM_NW_GREY_DC_PACK OF 5,CRASOME Water Dispenser 20 Liter Bottle Jar Cover (Grey Pack of 5),NW-DC,0,0.5,10,,,,,,,,,425,850,,630790,5,150,CRM_NW_GREY_DC_PACK OF 5,CRASOME Water Dispenser 20 Liter Bottle Jar Cover (Grey Pack of 5),5,9,14,BLR4,12,11,1,,2,,,
DC (NW Black),CRM_NW_BLACK_DC_PACK OF 2,CRASOME Water Dispenser 20 Liter Bottle Jar Cover (Black Pack of 2),NW-DC,,,0,,,,,,,,,170,,,630790,5,60,CRM_NW_BLACK_DC_PACK OF 2,CRASOME Water Dispenser 20 Liter Bottle Jar Cover (Black Pack of 2),0,22,22,BLR4,12,10,-8,,,,,
DC (NW Grey),CRM_NW_GREY_DC_PACK OF 2,CRASOME Water Dispenser 20 Liter Bottle Jar Cover (Grey Pack of 2),NW-DC,,,0,,,,,,,,,170,,,630790,5,60,CRM_NW_GREY_DC_PACK OF 2,CRASOME Water Dispenser 20 Liter Bottle Jar Cover (Grey Pack of 2),0,37,37,BLR4,9,7,-27,,,,,
DC-TS-NW-Black,CRM-DC-TS-NW-BLACK,Crasome Water Dispenser for 20 ltr / Litre Bottle Jar Cover with Transparent Strap - Black (DC-TS-BLK),NW-DC,,,,,,,,,,,,85,,,630790,5,30,CRM-DC-TS-NW-BLACK,Crasome Water Dispenser for 20 ltr / Litre Bottle Jar Cover with Transparent Strap - Black (DC-TS-BLK),60,174,234,BLR4,129,128,-63,,,,,
DC-TS-NW-Grey,CRM-DC-TS-NW-GREY,CRASOME Water Dispenser for 20 ltr/Litre Bottle Jar Cover with Transparent Strap - Grey (DC-TS-GRY),NW-DC,,,,,,,,,,,,85,,,630790,5,30,CRM-DC-TS-NW-GREY,CRASOME Water Dispenser for 20 ltr/Litre Bottle Jar Cover with Transparent Strap - Grey (DC-TS-GRY),60,121,181,BLR4,108,106,-39,,,,,
DC-TS-NW-Black,CRM-DC-TS-NW-BLACK-2Q,Crasome Water Dispenser for 20 ltr / Litre Bottle Jar Cover with Transparent Strap - Black Pack of 2 (DC-TS-B-2Q),NW-DC,,,0,,,,,,,,,170,,,630790,5,60,CRM-DC-TS-NW-BLACK-2Q,Crasome Water Dispenser for 20 ltr / Litre Bottle Jar Cover with Transparent Strap - Black Pack of 2 (DC-TS-B-2Q),0,63,63,BLR4,26,24,-31,,,,,
DC-TS-NW-Grey,CRM-DC-TS-NW-GREY-2Q,Crasome Water Dispenser for 20 ltr / Litre Bottle Jar Cover with Transparent Strap - Grey Pack of 2 (DC-TS-G-2Q),NW-DC,,,0,,,,,,,,,170,,,630790,5,60,CRM-DC-TS-NW-GREY-2Q,Crasome Water Dispenser for 20 ltr / Litre Bottle Jar Cover with Transparent Strap - Grey Pack of 2 (DC-TS-G-2Q),15,51,66,BLR4,38,35,-19,,,,,
L3110 (Grey),CRM-EP-L3210-NW-GREY,"Crasome Dust & Water Proof Printer Cover for Epson EcoTank L3250 / L3210 (Grey)",Printer NW,,,,,,,,,,,,90,,,630790,5,40,CRM-EP-L3210-NW-GREY,"Crasome Dust & Water Proof Printer Cover for Epson EcoTank L3250 / L3210 (Grey)",60,159,219,BLR4,152,145,-25,,,,,
L3110 (Black),CRM-EP-L3210-NW-BLACK,"Crasome Dust & Water Proof Printer Cover for Epson EcoTank L3250 / L3210 (Black)",Printer NW,18,0.5,50,,,,,,,,,90,4500,,630790,5,40,CRM-EP-L3210-NW-BLACK,"Crasome Dust & Water Proof Printer Cover for Epson EcoTank L3250 / L3210 (Black)",50,112,162,BLR4,157,149,37,,50,,,
L3110 (Black),CRM-EP-L3110-NW-BLACK,"Crasome Dust & Water Proof Printer Cover for Epson EcoTank L3150 / L3110 (Black)",Printer NW,,,,,,,,,,,,90,,,630790,5,40,CRM-EP-L3110-NW-BLACK,"Crasome Dust & Water Proof Printer Cover for Epson EcoTank L3150 / L3110 (Black)",0,12,12,BLR4,2,2,-9,,,,,
L3110 (Grey),CRM-EP-L3110-NW-GREY,"Crasome Dust & Water Proof Printer Cover for Epson EcoTank L3150 / L3110 (Grey)",Printer NW,,,,,,,,,,,,90,,,630790,5,40,CRM-EP-L3110-NW-GREY,"Crasome Dust & Water Proof Printer Cover for Epson EcoTank L3150 / L3110 (Grey)",0,26,26,BLR4,5,4,-20,,,,,
Canon G (Grey),CRM-Canon-G3012-NW-Grey,"Crasome Dust & Water Proof Printer Cover for Canon Pixma G3012 / G3010 / G2012 (Grey)",Printer NW,15,0.5,40,,,,,,,,,90,3600,,630790,5,40,CRM-Canon-G3012-NW-Grey,"Crasome Dust & Water Proof Printer Cover for Canon Pixma G3012 / G3010 / G2012 (Grey)",60,53,113,BLR4,110,108,31,,40,,,
Canon G (Black),CRM-Canon-G3012-NW-Black,"Crasome Dust & Water Proof Printer Cover for Canon Pixma G3012 / G3010 / G2012 (Black)",Printer NW,41,0,90,,,,,,,,,90,8100,,630790,5,40,CRM-Canon-G3012-NW-Black,"Crasome Dust & Water Proof Printer Cover for Canon Pixma G3012 / G3010 / G2012 (Black)",80,58,138,BLR4,170,165,82,,90,,,
HP 136NW (Grey),CRM-HP-M126-M136nw-Grey,Crasome Dust & Water Proof Printer Cover for HP LaserJet MFP 126nw / 136a / 136w / 136nw (Grey),Printer NW,,,,,,,,,,,,111,,,630790,5,40,CRM-HP-M126-M136nw-Grey,Crasome Dust & Water Proof Printer Cover for HP LaserJet MFP 126nw / 136a / 136w / 136nw (Grey),0,15,15,BLR4,9,8,-4,,,,,
HP 136NW (Black),CRM-HP-M126-M136nw-Black,Crasome Dust & Water Proof Printer Cover for HP LaserJet MFP 126nw / 136a / 136w / 136nw (Black),Printer NW,2,0.5,10,,,,,,,,,111,1110,,630790,5,40,CRM-HP-M126-M136nw-Black,Crasome Dust & Water Proof Printer Cover for HP LaserJet MFP 126nw / 136a / 136w / 136nw (Black),5,26,31,BLR4,26,27,5,,10,,,
HP 4826 (Grey),CRM-HP-4826-Grey-1,Crasome Dust & Water Proof Printer Cover for HP Deskjet All-in-One 4826 (Grey),Printer NW,,,,,,,,,,,,75,,,630790,5,40,CRM-HP-4826-Grey-1,Crasome Dust & Water Proof Printer Cover for HP Deskjet All-in-One 4826 (Grey),0,14,14,BLR4,1,1,-12,,,,,
G4770 (Black),CRM-PR-G4770-NW-BLACK,Crasome Dust & Water Proof Printer Cover for Canon Pixma G4770 (Black),Printer NW,3,0.5,10,,,,,,,,,90,900,,630790,5,40,CRM-PR-G4770-NW-BLACK,Crasome Dust & Water Proof Printer Cover for Canon Pixma G4770 (Black),10,25,35,BLR4,31,31,7,,10,,,
G4770 (Grey),CRM-PR-G4770-NW-GREY,Crasome Dust & Water Proof Printer Cover for Canon Pixma G4770 (Grey),Printer NW,1,0.5,4,,,,,,,,,90,360,,630790,5,40,CRM-PR-G4770-NW-GREY,Crasome Dust & Water Proof Printer Cover for Canon Pixma G4770 (Grey),5,11,16,BLR4,16,14,3,,4,,,
HP 750 (Grey),CRM-HP-750-Grey,Crasome Dust & Water Proof Printer Cover for HP Smart Tank All-in-One 750 / 790 (Grey),Printer NW,3,0.5,10,,,,,,,,,105,1050,,630790,5,40,CRM-HP-750-Grey,Crasome Dust & Water Proof Printer Cover for HP Smart Tank All-in-One 750 / 790 (Grey),30,6,36,BLR4,31,32,7,,10,,,
HP 750 (Black),CRM-HP-750-Black,Crasome Dust & Water Proof Printer Cover for HP Smart Tank All-in-One 750 / 790 (Black),Printer NW,2,0.5,10,,,,,,,,,105,1050,,630790,5,40,CRM-HP-750-Black,Crasome Dust & Water Proof Printer Cover for HP Smart Tank All-in-One 750 / 790 (Black),0,9,9,BLR4,10,10,5,,10,,,
HP 670 (Grey),CRM-HP-670-Grey,Crasome Dust & Water Proof Printer Cover for HP Smart Tank All-in-One 670 / 675 (Grey),Printer NW,3,0.5,10,,,,,,,,,96,960,,630790,5,40,CRM-HP-670-Grey,Crasome Dust & Water Proof Printer Cover for HP Smart Tank All-in-One 670 / 675 (Grey),5,4,9,BLR4,13,12,7,,10,,,
HP 670 (Black),CRM-HP-670-Black,Crasome Dust & Water Proof Printer Cover for HP Smart Tank All-in-One 670 / 675 (Black),Printer NW,3,0.5,10,,,,,,,,,96,960,,630790,5,40,CRM-HP-670-Black,Crasome Dust & Water Proof Printer Cover for HP Smart Tank All-in-One 670 / 675 (Black),5,3,8,BLR4,11,11,7,,10,,,
HP 580 (Grey),CRM-HP-529-Grey,Crasome Dust & Water Proof Printer Cover for HP Smart Tank All-in-One 529 / 589 (Grey),Printer NW,9,0,50,,,,,,,,,88,4400,,630790,5,40,CRM-HP-529-Grey,Crasome Dust & Water Proof Printer Cover for HP Smart Tank All-in-One 529 / 589 (Grey),25,12,37,BLR4,45,41,18,,50,,,
HP 4826 (Grey),CRM-HP-4826-4929-Grey,Crasome Dust Proof Water-resistant Printer Cover for HP Deskjet Advantage Ultra 2820 / 4929 (Grey),Printer NW,9,0.5,20,,,,,,,,,90,1800,,630790,5,40,CRM-HP-4826-4929-Grey,Crasome Dust Proof Water-resistant Printer Cover for HP Deskjet Advantage Ultra 2820 / 4929 (Grey),0,27,27,BLR4,33,34,19,,20,,,
HP 4826 (Grey),CRM-HP-4828-2878-GREY,Crasome Dust & Water Proof Printer Cover for HP Ink Advantage 2878 / 2876 (Grey),Printer NW,1,0,,,,,,,,,,90,,,630790,5,40,CRM-HP-4828-2878-GREY,Crasome Dust & Water Proof Printer Cover for HP Ink Advantage 2878 / 2876 (Grey),0,0,0,BLR4,,0,0,,,,,
L2321,CRM-BR-L2321D-L2440DW-BLUE,Crasome Dust Proof Water Resistant Printer Cover for Brother HL-L2440DW / HL-L2460DW / HL-L2400D (Blue),Printer,1,0,,,,,,,,,,80,,,630790,5,55,CRM-BR-L2321D-L2440DW-BLUE,Crasome Dust Proof Water Resistant Printer Cover for Brother HL-L2440DW / HL-L2460DW / HL-L2400D (Blue),0,2,2,BLR4,1,1,0,,,,,
HP 580 (Black),CRM-HP-529-Black,Crasome Dust & Water Proof Printer Cover for HP Smart Tank All-in-One 529 / 589 (Black),Printer NW,6,0.5,20,,,,,,,,,88,1760,,630790,5,40,CRM-HP-529-Black,Crasome Dust & Water Proof Printer Cover for HP Smart Tank All-in-One 529 / 589 (Black),15,11,26,BLR4,30,29,13,,20,,,
HP 580 (Grey),CRM-HP-580-Grey,Crasome Dust & Water Proof Printer Cover for HP Smart Tank All-in-One 580 / 581 / 585 (Grey),Printer NW,60,0,150,,,,,,,,,88,13200,,630790,5,40,CRM-HP-580-Grey,Crasome Dust & Water Proof Printer Cover for HP Smart Tank All-in-One 580 / 581 / 585 (Grey),150,308,458,BLR4,445,433,120,,150,,,
HP 580 (Grey),CRM-BR-580-T226-NW-GREY,Crasome Dust & Water Proof Printer Cover for Brother DCP-T226 / DCP-T426W (Grey),Printer NW,6,0,12,,,,,,,,,90,1080,,630790,5,40,CRM-BR-580-T226-NW-GREY,Crasome Dust & Water Proof Printer Cover for Brother DCP-T226 / DCP-T426W (Grey),10,9,19,BLR4,25,23,12,,12,,,
HP 580 (Black),CRM-BR-580-T226-NW-BLACK,Crasome Dust & Water Proof Printer Cover for Brother DCP-T226 / DCP-T426W (Black),Printer NW,1,0,,,,,,,,,,90,,,630790,5,40,CRM-BR-580-T226-NW-BLACK,Crasome Dust & Water Proof Printer Cover for Brother DCP-T226 / DCP-T426W (Black),0,4,4,BLR4,4,3,0,,,,,
HP 580 (Black),CRM-HP-580-Black,Crasome Dust & Water Proof Printer Cover for HP Smart Tank All-in-One 580 / 581 / 585 (Black),Printer NW,25,0,20,,,,,,,,,88,1760,,630790,5,40,CRM-HP-580-Black,Crasome Dust & Water Proof Printer Cover for HP Smart Tank All-in-One 580 / 581 / 585 (Black),50,63,113,BLR4,126,122,50,,20,,,
HP 580 (Grey),CRM-HP-525-Grey,Crasome Dust & Water Proof Printer Cover for HP Smart Tank All-in-One 520 / 525 (Grey),Printer NW,3,0,6,,,,,,,,,90,540,,630790,5,40,CRM-HP-525-Grey,Crasome Dust & Water Proof Printer Cover for HP Smart Tank All-in-One 520 / 525 (Grey),0,14,14,BLR4,16,15,6,,6,,,
HP 580 (Black),CRM-HP-525-Black,"Crasome Dust & Water Proof Printer Cover for HP Smart Tank All-in-One 520 / 525 (Black)",Printer NW,3,0,6,,,,,,,,,90,540,,630790,5,40,CRM-HP-525-Black,"Crasome Dust & Water Proof Printer Cover for HP Smart Tank All-in-One 520 / 525 (Black)",0,2,2,BLR4,6,6,6,,6,,,
L3110 (Grey),CRM-EP-L3252-NW-GREY-1,Crasome Dust & Water Proof Printer Cover for Epson EcoTank L3252 (Grey),Printer NW,1,0,,,,,,,,,,90,,,630790,5,40,CRM-EP-L3252-NW-GREY-1,Crasome Dust & Water Proof Printer Cover for Epson EcoTank L3252 (Grey),0,0,0,BLR4,,,0,,,,Bad rating,
HP 4826 (Black),CRM-PR-4826-E477-BLACK,Crasome Dust & Water Proof Printer Cover for Canon Pixma E470 / E477 (Black),Printer NW,3,0.5,8,,,,,,,,,75,600,,630790,5,40,CRM-PR-4826-E477-BLACK,Crasome Dust & Water Proof Printer Cover for Canon Pixma E470 / E477 (Black),45,40,85,BLR4,72,69,7,,8,,,
HP 4826 (Grey),CRM-PR-4826-E477-GREY,Crasome Dust & Water Proof Printer Cover for Canon Pixma E470 / E477 (Grey),Printer NW,,,,,,,,,,,,75,,,630790,5,40,CRM-PR-4826-E477-GREY,Crasome Dust & Water Proof Printer Cover for Canon Pixma E470 / E477 (Grey),60,130,190,BLR4,94,92,-67,,,,,
BR-T820DW - Grey,CRM-BR-T820DW-Grey,Crasome Dust & Water Proof Printer Cover for Brother Ink Tank DCP-T820DW / MFC-T910DW / MFC-T920DW (Grey),Printer NW,,,,,,,,,,,,80,,,630790,5,40,CRM-BR-T820DW-Grey,Crasome Dust & Water Proof Printer Cover for Brother Ink Tank DCP-T820DW / MFC-T910DW / MFC-T920DW (Grey),0,10,10,BLR4,6,6,-2,,,,,
BR-T730DW - Grey,CRM-BR-T730DW-Grey,Crasome Dust & Water Proof Printer Cover for Brother Ink Tank DCP-T730DW (Grey),Printer NW,10,0,30,,,,,,,,,80,2400,,630790,5,40,CRM-BR-T730DW-Grey,Crasome Dust & Water Proof Printer Cover for Brother Ink Tank DCP-T730DW (Grey),30,18,48,BLR4,52,51,20,,30,,,
BR-T535DW (Grey),CRM-BR-T535DW-Grey,Crasome Dust & Water Proof Printer Cover for Brother Ink Tank DCP-T535DW / DCP-T530DW / DCP-T436W / DCP-T430W (Grey),Printer NW,30,0.5,90,,,,,,,,,80,7200,,630790,5,40,CRM-BR-T535DW-Grey,Crasome Dust & Water Proof Printer Cover for Brother Ink Tank DCP-T535DW / DCP-T530DW / DCP-T436W / DCP-T430W (Grey),100,78,178,BLR4,185,179,61,,90,,,
HP 4826 (Black),CRM-PR-4826-MG3070S-Black,Crasome Dust & Water Proof Printer Cover for Canon Pixma MG3070S / MG2577s (Black),Printer NW,2,0,4,,,,,,,,,80,320,,630790,5,40,CRM-PR-4826-MG3070S-Black,Crasome Dust & Water Proof Printer Cover for Canon Pixma MG3070S / MG2577s (Black),0,3,3,BLR4,5,5,4,,4,,,
HP 4826 (Grey),CRM-PR-4826-MG3070S-Grey,Crasome Dust & Water Proof Printer Cover for Canon Pixma MG3070S / MG2577s (Grey),Printer NW,3,0.5,8,,,,,,,,,80,640,,630790,5,40,CRM-PR-4826-MG3070S-Grey,Crasome Dust & Water Proof Printer Cover for Canon Pixma MG3070S / MG2577s (Grey),0,4,4,BLR4,8,8,7,,8,,,
HP 670 (Black),CRM-PR-670-G3770-BLACK,Crasome Dust & Water Proof Printer Cover for Canon Pixma G2770 / G3770 (Black),Printer NW,36,0.5,74,,,,,,,,,90,6660,,630790,5,40,CRM-PR-670-G3770-BLACK,Crasome Dust & Water Proof Printer Cover for Canon Pixma G2770 / G3770 (Black),60,50,110,BLR4,135,137,73,,74,,,
HP 670 (Grey),CRM-PR-670-G3770-GREY,Crasome Dust & Water Proof Printer Cover for Canon Pixma G2770 / G3770 (Grey),Printer NW,17,0,34,,,,,,,,,90,3060,,630790,5,40,CRM-PR-670-G3770-GREY,Crasome Dust & Water Proof Printer Cover for Canon Pixma G2770 / G3770 (Grey),20,14,34,BLR4,56,51,34,,34,,,
HP 136NW (Grey),CRM-HP-136-1188w-Grey,Crasome Dust Proof Water-resistant Printer Cover for HP Laser MFP 1188w / 1188a (Grey),Printer NW,,,,,,,,,,,,90,,,630790,5,40,CRM-HP-136-1188w-Grey,Crasome Dust Proof Water-resistant Printer Cover for HP Laser MFP 1188w / 1188a (Grey),50,61,111,BLR4,81,80,-4,,,,bad rating,
HP 1008w - Grey,CRM-HP-1008w-Grey_1,Crasome Dust Proof Water-resistant Printer Cover for HP Laser 1008w / 1008a (Grey),Printer NW,,,,,,,,,,,,90,,,630790,5,40,CRM-HP-1008w-Grey_1,Crasome Dust Proof Water-resistant Printer Cover for HP Laser 1008w / 1008a (Grey),50,40,90,BLR4,68,64,-4,,,,,
Canon TS207 - Grey,CRM-Canon-TS207-Grey,CRASOME Dust Proof Water-resistant Printer Cover for Canon Pixma TS207 (Grey),Printer NW,,,,,,,,,,,,90,,,630790,5,40,CRM-Canon-TS207-Grey,CRASOME Dust Proof Water-resistant Printer Cover for Canon Pixma TS207 (Grey),0,5,5,BLR4,,0,-5,,,,,
HP 2606sdw - Black,CRM-HP-2606sdw-Black,CRASOME Dust Proof Water-Resistant Printer Cover For HP Laserjet Tank MFP 1188Fnw / 2606Sdw (Black),Printer NW,,,,,,,,,,,,90,,,630790,5,40,CRM-HP-2606sdw-Black,CRASOME Dust Proof Water-Resistant Printer Cover For HP Laserjet Tank MFP 1188Fnw / 2606Sdw (Black),0,16,16,BLR4,7,7,-6,,,,,
HP 2606sdw - Grey,CRM-HP-2606sdw-Grey,Crasome Dust Proof Water-resistant Printer Cover for HP Laserjet Tank MFP 1188fnw / 2606sdw (Grey),Printer NW,5,0.5,12,,,,,,,,,90,1080,,630790,5,40,CRM-HP-2606sdw-Grey,Crasome Dust Proof Water-resistant Printer Cover for HP Laserjet Tank MFP 1188fnw / 2606sdw (Grey),0,36,36,BLR4,38,35,11,,12,,,
AIr Fryer Cover - Grey,CRM-AFC-PH-NA120-4.2L-GREY,CRASOME Dustproof Air Fryer Cover for Philips 4.2L NA120/00 – Waterproof & Oil-Proof Protective Cover with Pocket (Grey),Printer NW,1,0,,,,,,,,,,90,,,630790,5,40,CRM-AFC-PH-NA120-4.2L-GREY,CRASOME Dustproof Air Fryer Cover for Philips 4.2L NA120/00 – Waterproof & Oil-Proof Protective Cover with Pocket (Grey),0,0,0,BLR4,,0,0,,,,,
Cubes-Grey (5Q),CRM-Cube1-Grey-Pack5,"Crasome Packing Cubes for Travel, Travel Organizer for Men & Women, Travel Storage Bag, Travel Organizer, Packing Bag for Clothes (Grey-5)",Cubes-Pack-5,,,20,,,,,,,,,750,15000,,630790,5,300,CRM-Cube1-Grey-Pack5,"Crasome Packing Cubes for Travel, Travel Organizer for Men & Women, Travel Storage Bag, Travel Organizer, Packing Bag for Clothes (Grey-5)",90,116,206,BLR4,149,147,-10,,20,,,
Cubes-Grey (12Q),CRM-Cube1-Grey-Pack12,"Crasome Packing Cubes for Travel, Travel Organizer for Men & Women, Travel Storage Bag, Travel Organizer, Packing Bag for Clothes (Grey-12)",Cubes-Pack-12,1,0,5,,,,,,,,,1830,9150,,630790,5,720,CRM-Cube1-Grey-Pack12,"Crasome Packing Cubes for Travel, Travel Organizer for Men & Women, Travel Storage Bag, Travel Organizer, Packing Bag for Clothes (Grey-12)",30,51,81,BLR4,65,62,2,,5,,,
Cubes-Blue (4Q),CRM-Cube2-Blue-Pack4,"Crasome 4 Set Packing Cubes for Travel, Luggage Organizers with Laundry Bag for Men & Women, Travel Storage Bag, Packing Bag for Clothes (Blue)",Cubes,,,,,,,,,,,,380,,,630790,5,200,CRM-Cube2-Blue-Pack4,"Crasome 4 Set Packing Cubes for Travel, Luggage Organizers with Laundry Bag for Men & Women, Travel Storage Bag, Packing Bag for Clothes (Blue)",50,8,58,BLR4,29,29,-19,,,,,
CP-1-Black,CP-BLACK-1,"CRASOME Laptop Charger Pouch, Travel Organizer Pouch, Gadget Charger Pouch for Mouse, USB, Charger, Cables, Hard Disk (Black)",Pouch,,,,,,,,,,,,100,,,420222,5,80,CP-BLACK-1,"CRASOME Laptop Charger Pouch, Travel Organizer Pouch, Gadget Charger Pouch for Mouse, USB, Charger, Cables, Hard Disk (Black)",0,22,22,BLR4,9,8,-11,,,,,
CP-1-Black,CP-BLACK-1-PACK OF 2,"CRASOME Laptop Charger Pouch, Travel Organizer Pouch, Gadget Charger Pouch for Mouse, USB, Charger, Cables, Hard Disk (Pack of 2)",Pouch,,,0,,,,,,,,,200,,,420222,5,160,CP-BLACK-1-PACK OF 2,"CRASOME Laptop Charger Pouch, Travel Organizer Pouch, Gadget Charger Pouch for Mouse, USB, Charger, Cables, Hard Disk (Pack of 2)",0,17,17,BLR4,7,7,-7,,,,,
CP-2-Grey (2Q),CRM-CP2-GREY-2Q,"CRASOME Laptop Charger Pouch, Travel Organizer Pouch, Gadget Charger Pouch for Mouse, USB, Charger, Cables, Power Bank, Dongle,Hard Disk, (CP2-Grey Pack-2)",Pouch,,,,,,,,,,,,180,,,420222,5,80,CRM-CP2-GREY-2Q,"CRASOME Laptop Charger Pouch, Travel Organizer Pouch, Gadget Charger Pouch for Mouse, USB, Charger, Cables, Power Bank, Dongle,Hard Disk, (CP2-Grey Pack-2)",0,37,37,BLR4,27,27,-1,,,,,
CTSP1-Grey (3Q),CRM_CTSP1_Grey_3Q,"Crasome Set of 3 Multipurpose Transparent Toiletry Bag for Women & Men, Travel Pouch for Makeup Cosmetic, Travel Organizer for Toiletries, Travel Storage Bag (CTSP1_Grey_3Q)",TS Pouch,1,0,,,,,,,,,,300,,,420222,18,140,CRM_CTSP1_Grey_3Q,"Crasome Set of 3 Multipurpose Transparent Toiletry Bag for Women & Men, Travel Pouch for Makeup Cosmetic, Travel Organizer for Toiletries, Travel Storage Bag (CTSP1_Grey_3Q)",0,7,7,BLR4,5,5,0,,,,,
SC-Black (4Q),CRM-SC-BLACK-TS-4Q,Crasome Saree Bags/Covers for Storage Set of-4 Big Size With Zip Closure for Clothes Bags and Wardrobe Organizer With Transparent Window (SC-BLACK-TS-4Q),Saree Cover,,,,,,,,,,,,250,,,420222,18,180,CRM-SC-BLACK-TS-4Q,Crasome Saree Bags/Covers for Storage Set of-4 Big Size With Zip Closure for Clothes Bags and Wardrobe Organizer With Transparent Window (SC-BLACK-TS-4Q),0,8,8,BLR4,2,2,-5,,,,,
SC-TS (4Q),CRM-SC-TS-4Q,Crasome Saree Bags/Covers for Storage Set of-4 Big Size With Zip Closure for Clothes Bags and Wardrobe Organizer With Transparent Window (SC-TS-4Q),Saree Cover,,,5,,,,,,,,,250,1250,,392329,18,180,CRM-SC-TS-4Q,Crasome Saree Bags/Covers for Storage Set of-4 Big Size With Zip Closure for Clothes Bags and Wardrobe Organizer With Transparent Window (SC-TS-4Q),20,27,47,BLR4,27,25,-13,,5,,,
Blanket Cover (TS2Q),CRM-TS-STB-PACK-2,"CRASOME Pack of 2 Transparent Clothes Storage Bags | Saree Covers with zip | Wardrobe Organizer with Zipper | Clear Storage for Clothes, Blankets, Bedsheets, Lehenga, Toys & Documents (TS-STB-PACK-2)",Storage Bag (2Q),,,,,,,,,,,,500,,,392329,18,280,CRM-TS-STB-PACK-2,"CRASOME Pack of 2 Transparent Clothes Storage Bags | Saree Covers with zip | Wardrobe Organizer with Zipper | Clear Storage for Clothes, Blankets, Bedsheets, Lehenga, Toys & Documents (TS-STB-PACK-2)",0,74,74,BLR4,43,41,-19,,,,,
Blanket Cover (TS4Q),CRM-TS-STB-PACK-4,"Crasome Pack of 4 Transparent Storage Bags for Saree Covers | Wardrobe Organizer with Zipper | Clear Storage Bags for Clothes, Lehenga, Blankets, Bedsheets, Toys & Documents (CRM-TS-STB-PACK-4)",Storage Bag (4Q),,,,,,,,,,,,1000,,,392329,18,560,CRM-TS-STB-PACK-4,"Crasome Pack of 4 Transparent Storage Bags for Saree Covers | Wardrobe Organizer with Zipper | Clear Storage Bags for Clothes, Lehenga, Blankets, Bedsheets, Toys & Documents (CRM-TS-STB-PACK-4)",0,122,122,BLR4,52,53,-51,,,,,
Cubes-Grey (3Q),CRM-Cube1-Grey-Pack3-1,"CRASOME Travel Organizer, Packing Cubes for Travel, Packing Bags for Clothes, Traveling Storage Bag for Women Men, Toiletry Pouch, Travel Essentials Pack of 3 (Cube1-Grey-Pack3)",Cubes,4,0.5,30,,,,,,,,,470,14100,,630790,5,180,CRM-Cube1-Grey-Pack3-1,"CRASOME Travel Organizer, Packing Cubes for Travel, Packing Bags for Clothes, Traveling Storage Bag for Women Men, Toiletry Pouch, Travel Essentials Pack of 3 (Cube1-Grey-Pack3)",50,325,375,BLR4,284,288,9,,30,,,
WO1-Blue-2Q,CRM-WO1-Blue-2Q,"Set of 2 Clothes Storage Bags with Handle | Saree Bags with Zip | Wardrobe Organizer for Cloth, Shirts, Salwar Suit, Lehenga | Transparent Window | Cloth Organiser (WO1-Blue-2Q)",Wardrobe Organizer (2Q),1,0,,,,,,,,,,300,,,630790,5,180,CRM-WO1-Blue-2Q,"Set of 2 Clothes Storage Bags with Handle | Saree Bags with Zip | Wardrobe Organizer for Cloth, Shirts, Salwar Suit, Lehenga | Transparent Window | Cloth Organiser (WO1-Blue-2Q)",0,0,0,BLR4,,0,0,,,,,
WO1-Blue-5Q,CRM-WO1-Blue-5Q,"Set of 2 Clothes Storage Bags with Handle | Saree Bags with Zip | Wardrobe Organizer for Cloth, Shirts, Salwar Suit, Lehenga | Transparent Window | Cloth Organiser (WO1-Blue-5Q)",Wardrobe Organizer (5Q),,,,,,,,,,,,750,,,630790,5,450,CRM-WO1-Blue-5Q,"Set of 2 Clothes Storage Bags with Handle | Saree Bags with Zip | Wardrobe Organizer for Cloth, Shirts, Salwar Suit, Lehenga | Transparent Window | Cloth Organiser (WO1-Blue-5Q)",0,7,7,BLR4,,0,-7,,,,,
Blanket Cover Blue (FT2Q),CRM-STB-FT-BLUE-PACK-2,"CRASOME Pack of 2 Storage Bags for Clothes | Storage Bag for Saree Covers, Clothes, Lehenga, Bedsheets, Toys, Docs | Transparent Window Storage Box Bag - (STB-FT-BLU-PACK-2)",Wardrobe Organizer (2Q),,,,,,,,,,,,300,,,630790,5,180,CRM-STB-FT-BLUE-PACK-2,"CRASOME Pack of 2 Storage Bags for Clothes | Storage Bag for Saree Covers, Clothes, Lehenga, Bedsheets, Toys, Docs | Transparent Window Storage Box Bag - (STB-FT-BLU-PACK-2)",0,15,15,BLR4,,0,-15,,,,,
Blanket Cover Blue (FT5Q),CRM-STB-FT-BLUE-PACK-5,"CRASOME Pack of 2 Storage Bags for Clothes | Storage Bag for Saree Covers, Clothes, Lehenga, Bedsheets, Toys, Docs | Transparent Window Storage Box Bag - (STB-FT-BLU-PACK-5)",Wardrobe Organizer (5Q),,,,,,,,,,,,750,,,630790,5,450,CRM-STB-FT-BLUE-PACK-5,"CRASOME Pack of 2 Storage Bags for Clothes | Storage Bag for Saree Covers, Clothes, Lehenga, Bedsheets, Toys, Docs | Transparent Window Storage Box Bag - (STB-FT-BLU-PACK-5)",0,4,4,BLR4,,0,-4,,,,,
Blanket Cover Blue (MT-5Q),CRM-STB-MT-BLUE-PACK-5,"CRASOME Pack of 5 Storage Bag for Saree Covers, Clothes, Lehenga, Bedsheets, Toys, Docs|Wardrobe Organizer|Transparent Window Storage Box Bag - (STB-MT-BLU-PACK-5)",Wardrobe Organizer (5Q),,,8,,,,,,,,,750,6000,,630790,5,450,CRM-STB-MT-BLUE-PACK-5,"CRASOME Pack of 5 Storage Bag for Saree Covers, Clothes, Lehenga, Bedsheets, Toys, Docs|Wardrobe Organizer|Transparent Window Storage Box Bag - (STB-MT-BLU-PACK-5)",0,2,2,BLR4,,0,-2,,8,,,
Blanket Cover Blue (MT-2Q),CRM-STB-MT-BLUE-PACK-2,"CRASOME Pack of 5 Storage Bag for Saree Covers, Clothes, Lehenga, Bedsheets, Toys, Docs|Wardrobe Organizer|Transparent Window Storage Box Bag - (STB-MT-BLU-PACK-2)",Wardrobe Organizer (2Q),,,,,,,,,,,,300,,,630790,5,180,CRM-STB-MT-BLUE-PACK-2,"CRASOME Pack of 5 Storage Bag for Saree Covers, Clothes, Lehenga, Bedsheets, Toys, Docs|Wardrobe Organizer|Transparent Window Storage Box Bag - (STB-MT-BLU-PACK-2)",0,10,10,BLR4,1,0,-10,,,,,
CSTB-BLACK (5Q),CRM-CSTB1-Black-5Q,CRASOME Large 52L Underbed Storage Bag | Storage Bags for Clothes Large | Clothing Storage Organizer | Storage Bag with Zipper and Strong Handle (Black Pack of 5),Wardrobe Organizer (5Q),1,0,,,,,,,,,,780,,,630790,5,600,CRM-CSTB1-Black-5Q,CRASOME Large 52L Underbed Storage Bag | Storage Bags for Clothes Large | Clothing Storage Organizer | Storage Bag with Zipper and Strong Handle (Black Pack of 5),0,0,0,BLR4,,0,0,,,,,
CSTB-BLACK (2Q),CRM-CSTB1-Black-2Q,CRASOME Large 52L Underbed Storage Bag | Storage Bags for Clothes Large | Clothing Storage Organizer | Storage Bag with Zipper and Strong Handle (Black Pack of 2),Wardrobe Organizer (2Q),1,0,,,,,,,,,,300,,,630790,5,240,CRM-CSTB1-Black-2Q,CRASOME Large 52L Underbed Storage Bag | Storage Bags for Clothes Large | Clothing Storage Organizer | Storage Bag with Zipper and Strong Handle (Black Pack of 2),0,0,0,BLR4,,0,0,,,,,
L2321D - Grey,CRM-BR-L2321D-GREY,CRASOME Dust & Water Proof Printer Cover for Brother HL-L2321D / HL-L2400D / HL-L2440DW / HL-B2080DW / HL-B2000D (Grey),Printer NW,8,0.5,40,,,,,,,,,90,3600,,630790,5,40,CRM-BR-L2321D-GREY,CRASOME Dust & Water Proof Printer Cover for Brother HL-L2321D / HL-L2400D / HL-L2440DW / HL-B2080DW / HL-B2000D (Grey),10,31,41,BLR4,49,43,17,,40,,,
G4780 - Grey,CRM-PR-G4780-GREY,CRASOME Dust & Water Proof Printer Cover for Canon Pixma G4780 (Grey),Printer NW,31,0,80,,,,,,,,,90,7200,,630790,5,40,CRM-PR-G4780-GREY,CRASOME Dust & Water Proof Printer Cover for Canon Pixma G4780 (Grey),40,49,89,BLR4,124,113,62,,80,,,
HP 670 (Grey),CRM-PR-670-G3780-GREY,CRASOME Dust & Water Proof Printer Cover for Canon Pixma G3780 (Grey),Printer NW,1,0.5,30,,,,,,,,,90,2700,,630790,5,40,CRM-PR-670-G3780-GREY,CRASOME Dust & Water Proof Printer Cover for Canon Pixma G3780 (Grey),60,8,68,BLR4,73,53,3,,30,,,
L8050 - Grey,CRM-EP-L8050-Grey,Crasome Dust & Water Proof Printer Cover for Epson Ink Tank L8050 (Grey),Printer NW,,,,,,,,,,,,90,,,630790,5,40,CRM-EP-L8050-Grey,Crasome Dust & Water Proof Printer Cover for Epson Ink Tank L8050 (Grey),0,41,41,BLR4,20,21,-13,,,,,
G4770 (Grey),CRM-PR-G4770-4123-Grey,CRASOME Dust & Water Proof Printer Cover for HP Deskjet Ink Advantage All-in-One 4278 / 4178 / 4123 (Grey),Printer NW,10,0.5,30,,,,,,,,,90,2700,,630790,5,40,CRM-PR-G4770-4123-Grey,CRASOME Dust & Water Proof Printer Cover for HP Deskjet Ink Advantage All-in-One 4278 / 4178 / 4123 (Grey),0,2,2,BLR4,18,17,21,,30,,,
PS 5 (Black),CRM-PS5-NW-BLACK,"CRASOME Dust Cover for PS5 Console, Waterproof Protective Cover for Gaming Console Digital Edition & Disc Edition PS 5 (Black)",Printer NW,,,,,,,,,,,,70,,,630790,5,40,CRM-PS5-NW-BLACK,"CRASOME Dust Cover for PS5 Console, Waterproof Protective Cover for Gaming Console Digital Edition & Disc Edition PS 5 (Black)",20,14,34,BLR4,20,17,-11,,,,,
20 Inch Trolley Cover,CRM-Trolley Cover-20-Inch,"CRASOME Waterproof Trolley Bag Cover/Zippered Clear PVC Transparent Suitcase Cover/Luggage Cover/Traveling Bags Cover/Trolly Bag Cover/Travel Cabin Bag Cover/Suit case Covers (20 Inch)",Trolley Cover Set-1,,,,,,,,,,,,300,,,392329,18,200,CRM-Trolley Cover-20-Inch,"CRASOME Waterproof Trolley Bag Cover/Zippered Clear PVC Transparent Suitcase Cover/Luggage Cover/Traveling Bags Cover/Trolly Bag Cover/Travel Cabin Bag Cover/Suit case Covers (20 Inch)",0,6,6,BLR4,,0,-6,,,,,
24 Inch Trolley Cover,CRM-Trolley Cover-24-Inch,"CRASOME Waterproof Trolley Bag Cover/Zippered Clear PVC Transparent Suitcase Cover/Luggage Cover/Traveling Bags Cover/Trolly Bag Cover/Travel Cabin Bag Cover/Suit case Covers (24 Inch)
",Trolley Cover Set-1,,,,,,,,,,,,450,,,392329,18,250,CRM-Trolley Cover-24-Inch,"CRASOME Waterproof Trolley Bag Cover/Zippered Clear PVC Transparent Suitcase Cover/Luggage Cover/Traveling Bags Cover/Trolly Bag Cover/Travel Cabin Bag Cover/Suit case Covers (24 Inch)
",0,4,4,BLR4,1,1,-2,,,,,
28 Inch Trolley Cover,CRM-Trolley Cover-28-Inch,"CRASOME Waterproof Trolley Bag Cover/Zippered Clear PVC Transparent Suitcase Cover/Luggage Cover/Traveling Bags Cover/Trolly Bag Cover/Travel Cabin Bag Cover/Suit case Covers (28 Inch)
",Trolley Cover Set-1,,,,,,,,,,,,590,,,392329,18,300,CRM-Trolley Cover-28-Inch,"CRASOME Waterproof Trolley Bag Cover/Zippered Clear PVC Transparent Suitcase Cover/Luggage Cover/Traveling Bags Cover/Trolly Bag Cover/Travel Cabin Bag Cover/Suit case Covers (28 Inch)
",0,5,5,BLR4,2,2,-2,,,,,
Trolley Cover Set of 3,CRM-Trolley Cover-Set of 3_1,CRASOME Waterproof Trolley Bag Cover Set of 3/Zippered Clear PVC Transparent Suitcase Cover/Luggage Cover/Traveling Bags Cover/Trolly Bag Cover/Travel Cabin Bag Cover/Suit case Covers,Trolley Cover Set-3,,,30,,,,,,,,,1309,39270,,392329,18,650,CRM-Trolley Cover-Set of 3_1,CRASOME Waterproof Trolley Bag Cover Set of 3/Zippered Clear PVC Transparent Suitcase Cover/Luggage Cover/Traveling Bags Cover/Trolly Bag Cover/Travel Cabin Bag Cover/Suit case Covers,10,3,13,BLR4,12,9,-1,,30,,,
Blanket Cover (TS6Q),CRM-TS-STB-PACK-6,"CRASOME Plastic Storage Bags for Clothes Large (Pack of 6) – Transparent Saree Covers for Storage with Zipper & Handles, Clear Wardrobe Organizer for Blankets, Bedsheets, Lehenga & Toys (40x32 cm)",Storage Bag (6Q),,,,,,,,,,,,1700,,,392329,18,840,CRM-TS-STB-PACK-6,"CRASOME Plastic Storage Bags for Clothes Large (Pack of 6) – Transparent Saree Covers for Storage with Zipper & Handles, Clear Wardrobe Organizer for Blankets, Bedsheets, Lehenga & Toys (40x32 cm)",0,26,26,BLR4,8,8,-15,,,,,
Blanket Cover (TS4Q),CRM-TS-STB-PACK-8,Crasome Pack of 8 Saree Covers with Zip Transparent | Cloth Storage Bags for Clothes | Saree Covers for Storage | Saree Plastic Covers for Storage | Storage Bags for Clothes Large,Storage Bag (4Q),,,,,,,,,,,,1700,,,392329,18,840,CRM-TS-STB-PACK-8,Crasome Pack of 8 Saree Covers with Zip Transparent | Cloth Storage Bags for Clothes | Saree Covers for Storage | Saree Plastic Covers for Storage | Storage Bags for Clothes Large,0,4,4,BLR4,,0,-4,,,,,
CSB5-BLACK,CRM-CSB5-Black-Red,CRASOME Sling Bag for Man | Stylish Crossbody Bags for Men | Compact Office & Travel Side Bag | Adjustable Strap | 3 Zipper Compartments | Travel & Daily Use Crossbody Bag (CSB5-Black-Red),Sling Bag,1,0,30,,,,,,,,,230,6900,,392329,18,840,CRM-CSB5-Black-Red,CRASOME Sling Bag for Man | Stylish Crossbody Bags for Men | Compact Office & Travel Side Bag | Adjustable Strap | 3 Zipper Compartments | Travel & Daily Use Crossbody Bag (CSB5-Black-Red),0,0,0,BLR4,,0,0,,30,,,
HP 4826 (Black),CRM-HP-4826-4929-Black,Crasome Dust Proof Water-resistant Printer Cover for HP Deskjet Advantage Ultra 2820 / 4929 (Black),Printer NW,,,,,,,,,,,,90,,,630790,5,40,CRM-HP-4826-4929-Black,Crasome Dust Proof Water-resistant Printer Cover for HP Deskjet Advantage Ultra 2820 / 4929 (Black),0,17,17,BLR4,5,5,-10,,,,,
,,,,,,,,,,,,,,,,,,,,,,,,,,,,,,,,,,
,,,,,,,,,,,,,,,,,,,,,,,1975,,,,,,,,,,,