(Parent) ASIN,(Child) ASIN,Title,SKU,Units Ordered,Units Ordered - B2B,Unit Session Percentage,Unit Session Percentage - B2B,Ordered Product Sales,Ordered Product Sales - B2B,Total Order Items,Total Order Items - B2B
B0CQ8MGHWP,B0CQ8MGHWP,Crasome Dust & Water Proof Printer Cover for HP Smart Tank All-in-One 580 / 581 / 584 / 585 (Grey),CRM-HP-580-Grey,458,18,16.50%,13.43%,"₹1,18,797.00","₹4,583.00",455,18
B0CV4767XP,B0CV4767XP,Crasome Dust Proof Water Resistant Kitchen Wet Grinder Cover for 2 Litre Table Top Ultra Perfect S | Ultra Perfect Plus - Grey,CRM-WG-NW-Ultra-Grey,393,5,6.95%,6.10%,"₹95,433.00","₹1,240.00",387,5
B0DK1J5N5C,B0DK1J5N5C,"Crasome Packing Cubes for Travel, Travel Organizer for Men & Women, Toiletries & Clothes Storage Bags, Travel Organizer Packing Bags, Pack of 3 (Cube1-Grey-Pack3)",CRM-Cube1-Grey-Pack3-1,313,13,5.66%,7.65%,"₹1,51,119.00","₹6,090.00",297,9
B0CTH4V3PZ,B0CTH4V3PZ,Crasome Dust & Water Proof Printer Cover for Canon Pixma G3000 / G3012 / G3010 / G2012 (Black),CRM-Canon-G3012-NW-Black,216,19,10.88%,18.10%,"₹55,737.00","₹4,777.00",209,14
B0FW4VKZ9M,B0FW4VKZ9M,Crasome Dust & Water Proof Printer Cover for Brother Ink Tank DCP-T535DW / DCP-T530DW / DCP-T436W / DCP-T430W (Grey),CRM-BR-T535DW-Grey,207,13,19.45%,18.31%,"₹53,454.00","₹3,297.00",205,13
B0F2MW77TT,B0F2MW77TT,"CRASOME Polyester Packing Cubes for Travel, Travel Organizer for Men & Women, Travel Storage Bag, Travel Organizer, Packing Bag for Clothes (Grey-5)",CRM-Cube1-Grey-Pack5,172,5,13.17%,10.64%,"₹1,20,632.00","₹3,424.00",166,5
B0F916GTW7,B0F916GTW7,Crasome Dust Proof Water Resistant Kitchen Wet Grinder Cover for 2 Litre Table Top Ultra Grind+ Gold - Grey,CRM-WG-NW-Ultra-Grind+-Grey,167,5,10.02%,12.50%,"₹41,969.00","₹1,239.00",165,5
B0CTFF6YKQ,B0CTFF6YKQ,Crasome Dust & Water Proof Printer Cover for Epson EcoTank L3252 / L3250 / L3211 / L3260 / L3210 (Grey),CRM-EP-L3210-NW-GREY,159,8,12.74%,10.13%,"₹40,630.00","₹2,041.00",158,8
B0DKTNJ414,B0DKTNJ414,Crasome Dust & Water Proof Printer Cover for Canon Pixma G2770 / G3770 / G3730 / G2730 (Black),CRM-PR-670-G3770-BLACK,155,6,14.46%,11.76%,"₹39,891.00","₹1,553.00",154,6
B0CTFDQXD4,B0CTFDQXD4,Crasome Dust & Water Proof Printer Cover for Epson EcoTank L3252 / L3250 / L3211 / L3260 / L3210 (Black),CRM-EP-L3210-NW-BLACK,155,10,18.70%,14.29%,"₹39,598.00","₹2,539.00",152,10
B0GQ34VLVM,B0GQ34VLVM,CRASOME Dust & Water Proof Printer Cover for Canon Pixma G4780 (Grey),CRM-PR-G4780-GREY,141,16,14.07%,19.51%,"₹36,751.00","₹4,056.00",138,16
B0CQ8KNQMG,B0CQ8KNQMG,Crasome Dust & Water Proof Printer Cover for HP Smart Tank All-in-One 580 / 581 / 584 / 585 (Black),CRM-HP-580-Black,127,3,19.78%,10.34%,"₹32,209.00",₹766.00,127,3
B0CTH4N526,B0CTH4N526,CRASOME Non-Woven Dust & Water Proof Printer Cover for Canon Pixma G3000 / G3012 / G3010 / G2012 (Grey),CRM-Canon-G3012-NW-Grey,120,4,15.79%,8.16%,"₹31,163.00","₹1,025.00",116,4
B0GK9DR68D,B0GK9DR68D,CRASOME Dust & Water Proof Printer Cover for Canon Pixma G3780 (Grey),CRM-PR-670-G3780-GREY,116,6,15.38%,11.54%,"₹30,913.46","₹1,594.00",115,6
B0BFB31MWV,B0BFB31MWV,Crasome Dust Proof Water Resistant Kitchen Wet Grinder Cover for 2 Litre Table Top Ultra Perfect S | Ultra Perfect Plus (Blue),Ultra_1,114,0,11.73%,0.00%,"₹28,169.00",₹0.00,114,0
B0CV14R7LM,B0CV14R7LM,CRASOME Non-Woven Dust Proof Water Resistant Kitchen Wet Grinder Cover for 2 Litre Table Top Butterfly Smart | Butterfly Rhino | Butterfly Hippo - Grey,CRM-WG-NW-Butterfly-Grey,106,1,7.19%,3.03%,"₹25,997.00",₹247.00,106,1
B0DN9JXDRD,B0DN9JXDRD,CRASOME Non-Woven Dust & Water Proof Printer Cover for Canon Pixma E470 / E477 (Grey),CRM-PR-4826-E477-GREY,99,7,11.50%,15.91%,"₹25,564.00","₹1,793.00",97,6
B0CTMTGSL9,B0CTMTGSL9,CRASOME Non-Woven Water Dispenser For 20 Ltr / Litre Bottle Jar Cover With Transparent Strap - Black (DC-TS-BLK),CRM-DC-TS-NW-BLACK,107,7,9.94%,7.29%,"₹27,282.00","₹1,785.00",96,7
B0CTMPGXXG,B0CTMPGXXG,Crasome Water Dispenser for 20 ltr / Litre Bottle Jar Cover with Transparent Strap - Grey (DC-TS-Grey),CRM-DC-TS-NW-GREY,108,21,16.88%,33.33%,"₹27,874.00","₹5,341.00",95,12
B0F4XRS6NR,B0F4XRS6NR,Crasome Dust Proof Water-resistant Printer Cover for HP Laser MFP 1188w / 1188a (Grey),CRM-HP-136-1188w-Grey,94,3,13.24%,4.48%,"₹23,849.00",₹769.00,94,3
B0CV47TJPR,B0CV47TJPR,Crasome Dust Proof Water Resistant Kitchen Wet Grinder Cover for 2 Litre Table Top Ultra Perfect S | Ultra Perfect Plus - Black,CRM-WG-NW-Ultra-Black,76,1,11.34%,6.67%,"₹19,204.00",₹247.00,76,1
B0G42PN4TM,B0G42PN4TM,Crasome Dust Proof Water-resistant Printer Cover for HP Laser 1008w / 1008a (Grey_1),CRM-HP-1008w-Grey_1,78,8,18.62%,21.05%,"₹20,258.00","₹2,030.00",76,8
B0DKTH64QZ,B0DKTH64QZ,Crasome Dust & Water Proof Printer Cover for Canon Pixma G2770 / G3770 / G3730 / G2730 (Grey),CRM-PR-670-G3770-GREY,69,2,21.36%,20.00%,"₹17,779.00",₹504.00,67,1
B0FBLZJM8D,B0FBLZJM8D,"Crasome Packing Cubes for Travel, Travel Organizer for Men & Women, Travel Storage Bag, Travel Organizer, Packing Bag for Clothes Pack of 12 (Grey-12)",CRM-Cube1-Grey-Pack12,70,1,4.01%,1.35%,"₹1,11,890.00","₹1,599.00",67,1
B0DN9NPSCX,B0DN9NPSCX,Crasome Dust & Water Proof Printer Cover for Canon Pixma E470 / E477 (Black),CRM-PR-4826-E477-BLACK,59,2,8.65%,6.90%,"₹15,224.00",₹512.00,59,2
B0FW4SM5D3,B0FW4SM5D3,Crasome Dust & Water Proof Printer Cover for Brother Ink Tank DCP-T730DW (Grey),CRM-BR-T730DW-Grey,56,6,17.83%,20.00%,"₹14,387.00","₹1,503.00",56,6
B0BM4KGTYM,B0BM4KGTYM,CRASOME Non-Woven Water Dispenser For 20 Ltr / Litre Bottle Jar Cover (Black),CRM_NW_BLACK_DC,66,16,7.79%,27.59%,"₹17,015.00","₹4,252.00",55,8
B0CQC5GSY9,B0CQC5GSY9,CRASOME Non Woven Dust & Water Proof Printer Cover for HP Smart Tank All-in-One 529 / 589 (Grey),CRM-HP-529-Grey,55,1,17.97%,7.14%,"₹13,962.00",₹249.00,55,1
B0GQ35R1CV,B0GQ35R1CV,CRASOME Dust & Water Proof Printer Cover for Brother HL-L2321D / HL-L2400D / HL-L2440DW / HL-B2080DW / HL-B2000D (Grey),CRM-BR-L2321D-GREY,53,4,12.24%,11.76%,"₹14,245.00","₹1,064.00",53,4
B0F91CY6LW,B0F91CY6LW,Crasome Dust Proof Water Resistant Kitchen Wet Grinder Cover for 2 Litre Table Top Ultra Grind+ Gold - Black,CRM-WG-NW-Ultra-Grind+-Black,47,2,10.88%,18.18%,"₹11,967.00",₹488.00,47,2
B0FLY33H16,B0FLY33H16,"Crasome Pack of 4 Transparent Storage Bag for Saree Covers,Clothes, Lehenga, Blankets, Bedsheets, Toys, Docs|Wardrobe Organizer|Clear Storage Box Bag - Plastic, 40x32x22 cm",CRM-TS-STB-PACK-4,50,0,8.93%,0.00%,"₹39,451.00",₹0.00,43,0
B0BQMSCT6Y,B0BQMSCT6Y,"CRASOME Apron for Kitchen | Unisex Cooking Apron with 2 Pockets and Adjustable Straps | Apron for Chef, Hotel, Cafe, Restaurant, Gardening, Workshop (Black Pack of 2)",CRM_AP_BLACK_PACK OF 2,61,6,16.01%,21.43%,"₹23,111.00","₹2,242.00",42,6
B0CTMJ1GV9,B0CTMJ1GV9,Crasome Water Dispenser for 20 ltr / Litre Bottle Jar Cover with Transparent Strap - Grey Pack of 2 (DC-TS-G-2Q),CRM-DC-TS-NW-GREY-2Q,50,9,19.53%,28.13%,"₹18,798.00","₹3,357.00",40,5
B0BFB324WC,B0BFB324WC,"CRASOME Dust Proof Washable Kitchen Wet Grinder Cover for 2Litre Table Top Butterfly Rhino | Butterfly Smart | Butterfly Hippo CSM-BJ (Blue), Polyester",Bajaj_4,38,0,5.86%,0.00%,"₹9,236.00",₹0.00,38,0
B0CQC8G87Y,B0CQC8G87Y,Crasome Dust & Water Proof Printer Cover for HP Smart Tank All-in-One 529 / 589 (Black),CRM-HP-529-Black,38,2,13.01%,13.33%,"₹9,293.00",₹532.00,38,2
B0BF59CVGV,B0BF59CVGV,"CRASOME Apron for Kitchen | Unisex Cooking Apron with 2 Pockets and Adjustable Straps | Apron for Chef, Hotel, Cafe, Restaurant, Gardening, Workshop (Blue)",Apron_Blue,46,0,16.55%,0.00%,"₹12,781.00",₹0.00,36,0
B0CV16PGBY,B0CV16PGBY,Crasome Dust Proof Water Resistant Kitchen Wet Grinder Cover for 2 Litre Table Top Butterfly Rhino | Butterfly Smart | Butterfly Hippo - Black,CRM-WG-NW-Butterfly-Black,37,0,17.21%,0.00%,"₹8,843.76",₹0.00,35,0
B0BM4JLSPK,B0BM4JLSPK,CRASOME Water Dispenser for 20 ltr / Litre Bottle Jar Cover (Grey),CRM_NW_GREY_DC,37,4,9.81%,9.76%,"₹9,340.00","₹1,064.00",34,3
B0CH13Q5TC,B0CH13Q5TC,"CRASOME Apron for Kitchen | Unisex Cooking Apron with 2 Pockets and Adjustable Straps | Apron for Chef, Hotel, Cafe, Restaurant, Gardening, Workshop (Tan)",CRM_AP_TAN,70,18,16.32%,90.00%,"₹18,774.00","₹4,630.00",34,3
B0DVPHGLM3,B0DVPHGLM3,Crasome Dust & Water Proof Printer Cover for Canon Pixma G4770 (Black),CRM-PR-G4770-NW-BLACK,33,2,10.00%,10.53%,"₹8,601.00",₹542.00,33,2
B0BF598T14,B0BF598T14,"CRASOME Apron for Kitchen | Unisex Cooking Apron with 2 Pockets and Adjustable Straps | Apron for Chef, Hotel, Cafe, Restaurant, Gardening, Workshop (Brown)",Apron_Brown,50,0,13.55%,0.00%,"₹13,589.00",₹0.00,32,0
B0FLY9P9DR,B0FLY9P9DR,"CRASOME Transparent Clothes Storage Bags Pack of 2 | Wardrobe Organizer with Reinforced Handles & Zipper | Saree Cover Storage Bag for Clothes, Blanket, Bedsheet, Toys & Seasonal Garments (28L)",CRM-TS-STB-PACK-2,44,11,6.09%,55.00%,"₹21,962.00","₹5,295.00",32,2
B0F4XM78MP,B0F4XM78MP,CRASOME Non Woven Dust Proof Water-Resistant Printer Cover For HP Laserjet Tank MFP 1188Fnw / 2606Sdw (Grey),CRM-HP-2606sdw-Grey,29,3,10.21%,10.00%,"₹7,457.00",₹755.00,29,3
B0GR94RKK3,B0GR94RKK3,Crasome Dust & Water Proof Printer Cover for Epson Ink Tank L8050 (Grey),CRM-EP-L8050-Grey,28,0,10.26%,0.00%,"₹7,234.00",₹0.00,28,0
B0CQCBB5LV,B0CQCBB5LV,Crasome Dust & Water Proof Printer Cover for HP Smart Tank All-in-One 750 / 790 (Grey),CRM-HP-750-Grey,26,2,14.86%,13.33%,"₹6,409.00",₹518.00,26,2
B0CQCQJZH5,B0CQCQJZH5,Crasome Dust & Water Proof Printer Cover for HP LaserJet Pro MFP M126nw (Black),CRM-HP-M126-M136nw-Black,26,2,7.26%,6.90%,"₹6,251.00",₹516.00,26,2
B0FS6JSFCS,B0FS6JSFCS,"CRASOME Pack of 4 Packing Cubes for Travel, Travel Organizer for Men & Women, Luggage Organizers with Laundry Bag, Travel Storage Bag, Travel Organizer, Packing Bag for Clothes (Blue)",CRM-Cube2-Blue-Pack4,29,0,3.96%,0.00%,"₹13,908.00",₹0.00,26,0
B0BF57ZCLY,B0BF57ZCLY,"CRASOME Apron for Kitchen | Unisex Cooking Apron with 2 Pockets and Adjustable Straps | Apron for Chef, Hotel, Cafe, Restaurant, Gardening, Workshop (Black)",Apron_Black,36,1,11.01%,7.14%,"₹10,104.00",₹279.00,24,1
B0FB3S1YZW,B0FB3S1YZW,Crasome Saree Bags/Covers for Storage Set of-4 Big Size With Zip Closure for Clothes Bags and Wardrobe Organizer With Transparent Window (SC-TS-4Q),CRM-SC-TS-4Q,32,1,5.46%,14.29%,"₹19,128.00",₹579.00,24,1
B0BQMTTDQQ,B0BQMTTDQQ,"CRASOME Kitchen Apron for Men & Women | Unisex Cooking Apron with 2 Front Pockets and Adjustable Straps | Apron for Chef, Hotel, Cafe, Restaurant, Gardening, Workshop (Tan Pack of 2)",CRM_AP_TEN _PACK OF 2,26,0,5.19%,0.00%,"₹10,013.00",₹0.00,23,0
B0DM1PCFD9,B0DM1PCFD9,CRASOME Dust & Water Proof Printer Cover for Brother DCP-T226 / DCP-T426W (Grey),CRM-BR-580-T226-NW-GREY,23,1,6.44%,3.70%,"₹5,918.00",₹259.00,23,1
B0DKP64DPR,B0DKP64DPR,Crasome Dust Proof Water-resistant Printer Cover for HP Deskjet Advantage Ultra 2820 / 4929 (Grey),CRM-HP-4826-4929-Grey,22,0,13.75%,0.00%,"₹5,630.00",₹0.00,22,0
B0D5HPG9WQ,B0D5HPG9WQ,"CRASOME Travel Organizer Gadget Case | Electronic Accessories Storage Pouch for Power Adapters, Cables, Dongle, Laptop Charger Pouch (CP2-Grey-Pack2)",CRM-CP2-GREY-2Q,21,1,3.63%,5.56%,"₹6,305.00",₹296.00,21,1
B0BQMV8D85,B0BQMV8D85,"CRASOME Apron for Kitchen | Unisex Cooking Apron with 2 Pockets and Adjustable Straps | Apron for Chef, Hotel, Cafe, Restaurant, Gardening, Workshop (Brown Pack of 2)",CRM_AP_BROWN_PACK OF 2,24,1,9.72%,16.67%,"₹9,077.00",₹399.00,19,1
B0GYR3J89X,B0GYR3J89X,"CRASOME Dust Cover for PS5 Console, Waterproof Protective Cover for Gaming Console Digital Edition & Disc Edition PS 5 (Black)",CRM-PS5-NW-BLACK,18,0,7.44%,0.00%,"₹4,270.00",₹0.00,18,0
B0BFB27TWG,B0BFB27TWG,CRASOME Dust Proof Washable Wet Grinder Cover for 2 Litre Table Top Lakshmi | Prestige PWG 07 | Vidiem Vision CSM-BJ (Blue),Bajaj_3,17,0,7.00%,0.00%,"₹4,264.00",₹0.00,17,0
B0CTTK9CDY,B0CTTK9CDY,CRASOME Dust & Water Proof Printer Cover for HP Smart Tank All-in-One 520 / 525 (Grey),CRM-HP-525-Grey,17,0,11.89%,0.00%,"₹4,174.00",₹0.00,17,0
B0CH112ZPG,B0CH112ZPG,"CRASOME Apron for Kitchen | Unisex Cooking Apron with 2 Pockets and Adjustable Straps | Apron for Chef, Hotel, Cafe, Restaurant, Gardening, Workshop (Green)",CRM_AP_GREEN,30,0,20.00%,0.00%,"₹8,410.00",₹0.00,16,0
B0CTMJD3KP,B0CTMJD3KP,Crasome Water Dispenser for 20 ltr / Litre Bottle Jar Cover with Transparent Strap - Black Pack of 2 (DC-TS-B-2Q),CRM-DC-TS-NW-BLACK-2Q,18,4,8.18%,22.22%,"₹6,375.00","₹1,502.00",16,3
B0DVPQ48NW,B0DVPQ48NW,Crasome Dust & Water Proof Printer Cover for Canon Pixma G4770 (Grey),CRM-PR-G4770-NW-GREY,16,3,10.39%,30.00%,"₹4,178.00",₹781.00,16,3
B0GZJNT7RC,B0GZJNT7RC,CRASOME Waterproof Trolley Bag Cover Set of 3/Zippered Clear PVC Transparent Suitcase Cover/Luggage Cover/Traveling Bags Cover/Trolly Bag Cover/Travel Cabin Bag Cover/Suit case Covers,CRM-Trolley Cover-Set of 3_1,16,0,6.78%,0.00%,"₹14,464.00",₹0.00,16,0
B0G4LQ62YL,B0G4LQ62YL,CRASOME Dust Proof Water-Resistant Printer Cover For HP Laserjet Tank MFP 1188Fnw / 2606Sdw (Black),CRM-HP-2606sdw-Black,15,1,16.67%,11.11%,"₹3,843.00",₹259.00,15,1
B0GK9BZV9D,B0GK9BZV9D,CRASOME Dust & Water Proof Printer Cover for HP Deskjet Ink Advantage All-in-One 4388 / 4278 / 4178 / 4123 (Grey),CRM-PR-G4770-4123-Grey,15,2,20.83%,28.57%,"₹3,926.00",₹507.00,15,2
B0CQC8R7PD,B0CQC8R7PD,Crasome Dust & Water Proof Printer Cover for HP Smart Tank All-in-One 670 / 675 (Black),CRM-HP-670-Black,13,1,20.97%,20.00%,"₹3,352.00",₹259.00,13,1
B0CQC2FSMM,B0CQC2FSMM,Crasome Dust & Water Proof Printer Cover for HP Smart Tank All-in-One 750 / 790 (Black),CRM-HP-750-Black,12,2,20.34%,33.33%,"₹3,157.00",₹542.00,12,2
B0CQC5BJQ2,B0CQC5BJQ2,Crasome Dust & Water Proof Printer Cover for HP Smart Tank All-in-One 670 / 675 (Grey),CRM-HP-670-Grey,12,0,13.33%,0.00%,"₹3,113.00",₹0.00,12,0
B0FW516TLK,B0FW516TLK,Crasome Dust & Water Proof Printer Cover for Brother Ink Tank DCP-T820DW / MFC-T910DW / MFC-T920DW (Grey),CRM-BR-T820DW-Grey,12,0,10.17%,0.00%,"₹3,134.00",₹0.00,12,0
B0BF5VTWVT,B0BF5VTWVT,"CRASOME Apron for Kitchen | Unisex Cooking Apron with 2 Pockets and Adjustable Straps | Apron for Chef, Hotel, Cafe, Restaurant, Gardening, Workshop (Grey)",Apron_Grey,14,0,13.08%,0.00%,"₹3,089.00",₹0.00,11,0
B0BQMY39JW,B0BQMY39JW,"CRASOME Apron for Kitchen | Unisex Cooking Apron with 2 Pockets and Adjustable Straps | Apron for Chef, Hotel, Cafe, Restaurant, Gardening, Workshop (Black Pack of 3)",CRM_AP_BLACK_PACK OF 3,12,2,13.33%,28.57%,"₹5,717.00",₹967.00,11,2
B0BQMYFYKL,B0BQMYFYKL,"CRASOME Apron for Kitchen | Unisex Cooking Apron with 2 Pockets and Adjustable Straps | Apron for Chef, Hotel, Cafe, Restaurant, Gardening, Workshop (Brown Pack of 3)",CRM_AP_BROWN_PACK OF 3,14,4,10.61%,28.57%,"₹6,626.00","₹1,876.00",11,3
B0CH3JNFVV,B0CH3JNFVV,CRASOME Water Dispenser for 20 ltr / Litre Bottle Jar Cover (Black Pack of 2),CRM_NW_BLACK_DC_PACK OF 2,11,2,13.92%,25.00%,"₹4,150.00",₹758.00,10,2
B0CQCP88HF,B0CQCP88HF,Crasome Dust & Water Proof Printer Cover for HP LaserJet Pro MFP M126nw (Grey),CRM-HP-M126-M136nw-Grey,10,0,12.35%,0.00%,"₹2,586.00",₹0.00,10,0
B0BFB324WC,B0BFB324WC,"CRASOME Dust Proof Washable Kitchen Wet Grinder Cover for 2Litre Table Top Butterfly Rhino | Butterfly Smart | Butterfly Hippo CSM-BJ (Blue), Polyester",Bajaj_2,9,0,1.39%,0.00%,"₹2,556.00",₹0.00,9,0
B0BQMY6L2B,B0BQMY6L2B,"CRASOME Apron for Kitchen | Unisex Cooking Apron with 2 Pockets and Adjustable Straps | Apron for Chef, Hotel, Cafe, Restaurant, Gardening, Workshop (Blue Pack of 2)",CRM_AP_BLUE_PACK OF 2,16,0,32.00%,0.00%,"₹6,025.00",₹0.00,9,0
B0BQMZKF2K,B0BQMZKF2K,"CRASOME Apron for Kitchen | Unisex Cooking Apron with 2 Pockets and Adjustable Straps | Apron for Chef, Hotel, Cafe, Restaurant, Gardening, Workshop (Tan Pack of 3)",CRM_AP_TEN _PACK OF 3,20,2,7.75%,7.14%,"₹9,438.66",₹938.00,8,2
B0FTM43TZ6,B0FTM43TZ6,Crasome Dust & Water Proof Printer Cover for Canon Pixma MG3070S / MG2577s (Grey),CRM-PR-4826-MG3070S-Grey,8,0,18.60%,0.00%,"₹2,092.00",₹0.00,8,0
B0BQMZGXJ4,B0BQMZGXJ4,"CRASOME Apron for Kitchen | Unisex Cooking Apron with 2 Pockets and Adjustable Straps | Apron for Chef, Hotel, Cafe, Restaurant, Gardening, Workshop (Blue Pack of 3)",CRM_AP_BLUE_PACK OF 3,10,2,11.90%,16.67%,"₹4,720.00",₹938.00,7,2
B0CH3F8952,B0CH3F8952,CRASOME Water Dispenser for 20 ltr / Litre Bottle Jar Cover (Grey Pack of 2),CRM_NW_GREY_DC_PACK OF 2,8,0,13.79%,0.00%,"₹2,885.00",₹0.00,7,0
B0CH3L3PYX,B0CH3L3PYX,CRASOME Water Dispenser for 20 ltr / Litre Bottle Jar Cover (Grey Pack of 5),CRM_NW_GREY_DC_PACK OF 5,9,4,11.25%,36.36%,"₹5,971.00","₹2,636.00",7,3
B0FTM35K6D,B0FTM35K6D,Crasome Dust & Water Proof Printer Cover for Canon Pixma MG3070S / MG2577s (Black),CRM-PR-4826-MG3070S-Black,7,0,13.73%,0.00%,"₹1,828.00",₹0.00,7,0
B0BQMX8QHL,B0BQMX8QHL,"CRASOME Apron for Kitchen | Unisex Cooking Apron with 2 Pockets and Adjustable Straps | Apron for Chef, Hotel, Cafe, Restaurant, Gardening, Workshop (Grey Pack of 2)",CRM_AP_GREY_PACK OF 2,8,0,8.89%,0.00%,"₹2,973.64",₹0.00,6,0
B0C9X4MBQ3,B0C9X4MBQ3,"CRASOME Polyester Storage Organizer Gadget Pouch for USB Cable, Earphone, Power Bank, Charger, Hard Disk, Pen Drive, Travel Gadgets Organiser Bag, Laptop Charger Pouch (CP1-Black)",CP-BLACK-1,6,0,2.34%,0.00%,"₹1,614.00",₹0.00,6,0
B0CH3JHFC4,B0CH3JHFC4,CRASOME Water Dispenser for 20 ltr / Litre Bottle Jar Cover (Black Pack of 5),CRM_NW_BLACK_DC_PACK OF 5,8,1,29.63%,20.00%,"₹5,272.00",₹659.00,6,1
B0CTTM35F1,B0CTTM35F1,CRASOME Dust & Water Proof Printer Cover for HP Smart Tank All-in-One 520 / 525 (Black),CRM-HP-525-Black,6,0,17.65%,0.00%,"₹1,579.00",₹0.00,6,0
B0CY834BP1,B0CY834BP1,Crasome Dust Proof Water-resistant Printer Cover for HP Deskjet All-in-One 4826 (Grey),CRM-HP-4826-Grey-1,6,0,13.04%,0.00%,"₹1,579.00",₹0.00,6,0
B0BF59NWBQ,B0BF59NWBQ,"CRASOME Apron for Kitchen | Unisex Cooking Apron with 2 Pockets and Adjustable Straps | Apron for Chef, Hotel, Cafe, Restaurant, Gardening, Workshop (Red)",Apron_Red,6,0,10.17%,0.00%,"₹1,794.00",₹0.00,5,0
B0BQMTZ1KM,B0BQMTZ1KM,"CRASOME Apron for Kitchen | Unisex Cooking Apron with 2 Pockets and Adjustable Straps | Apron for Chef, Hotel, Cafe, Restaurant, Gardening, Workshop (Green Pack of 2)",CRM_AP_GREEN_PACK OF 2,6,0,11.11%,0.00%,"₹2,197.00",₹0.00,5,0
B0BQMXG193,B0BQMXG193,"CRASOME Apron for Kitchen | Unisex Cooking Apron with 2 Pockets and Adjustable Straps | Apron for Chef, Hotel, Cafe, Restaurant, Gardening, Workshop (Red Pack of 3)",CRM_AP_RED_PACK OF 3,5,0,6.10%,0.00%,"₹2,375.00",₹0.00,5,0
B0DKSPVH4D,B0DKSPVH4D,Crasome Dust Proof Water-resistant Printer Cover for HP Deskjet Advantage Ultra 2820 / 4929 (Black),CRM-HP-4826-4929-Black,5,1,12.82%,50.00%,"₹1,310.00",₹259.00,5,1
B0BQMXRGYR,B0BQMXRGYR,"CRASOME Apron for Kitchen | Unisex Cooking Apron with 2 Pockets and Adjustable Straps | Apron for Chef, Hotel, Cafe, Restaurant, Gardening, Workshop (Green Pack of 3)",CRM_AP_GREEN_PACK OF 3,5,0,13.51%,0.00%,"₹1,966.00",₹0.00,4,0
B0C9X542SL,B0C9X542SL,"CRASOME Polyester Storage Organizer Gadget Pouch for USB Cable, Earphone, Power Bank, Charger, Hard Disk, Pen Drive, Travel Gadgets Organiser Bag, Laptop Charger Pouch (Black Pack of 2)",CP-BLACK-1-PACK OF 2,4,0,4.49%,0.00%,"₹1,396.00",₹0.00,4,0
B0CTFB2GWV,B0CTFB2GWV,CRASOME Dust & Water Proof Printer Cover for Epson EcoTank L3150 / L3110 (Black),CRM-EP-L3110-NW-BLACK,4,1,13.33%,12.50%,"₹1,016.00",₹259.00,4,1
B0DM1GM4RV,B0DM1GM4RV,Crasome Dust & Water Proof Printer Cover for Brother DCP-T226 / DCP-T426W (Black),CRM-BR-580-T226-NW-BLACK,4,1,7.27%,10.00%,"₹1,008.00",₹259.00,4,1
B0F9NZ1J2K,B0F9NZ1J2K,Crasome Saree Bags/Covers for Storage Big Size With Zip Closure for Clothes Bags and Wardrobe Organizer With Transparent Window (Black TS - 4),CRM-SC-BLACK-TS-4Q,4,0,2.41%,0.00%,"₹1,996.00",₹0.00,4,0
B0G3GQX5J7,B0G3GQX5J7,"CRASOME Pack of 6 Transparent Storage Bag for Saree Covers,Clothes, Lehenga, Blankets, Bedsheets, Toys, Docs|Wardrobe Organizer|Clear Storage Box Bag - Pack of (6), Plastic, 40x32x22 cm",CRM-TS-STB-PACK-6,4,0,3.74%,0.00%,"₹3,996.00",₹0.00,4,0
B0GQZKMJGK,B0GQZKMJGK,CRASOME Trolley Bag Cover Suitcase Waterproof Dustproof Luggage Cover Zippered Clear PVC Protector 24 Inch,CRM-Trolley Cover-24-Inch,4,0,13.33%,0.00%,"₹1,797.00",₹0.00,4,0
B0BQMV2D6H,B0BQMV2D6H,"CRASOME Apron for Kitchen | Unisex Cooking Apron with 2 Pockets and Adjustable Straps | Apron for Chef, Hotel, Cafe, Restaurant, Gardening, Workshop (Red Pack of 2)",CRM_AP_RED_PACK OF 2,3,0,4.92%,0.00%,"₹1,137.00",₹0.00,3,0
B0CTFBJR4V,B0CTFBJR4V,CRASOME Dust & Water Proof Printer Cover for Epson EcoTank L3150 / L3110 (Grey),CRM-EP-L3110-NW-GREY,3,0,4.92%,0.00%,₹777.00,₹0.00,3,0
B0G4CH2NLK,B0G4CH2NLK,CRASOME Set of 3 Transparent Toiletry Pouches for Travel | Clear Toiletry Bag with Zipper | Waterproof Makeup & Cosmetic Organizer | Travel Toiletries Storage Pouch for Men & Women,CRM_CTSP1_Grey_3Q,3,0,5.08%,0.00%,"₹1,247.00",₹0.00,3,0
B0BFB324WC,B0BFB324WC,"CRASOME Dust Proof Washable Kitchen Wet Grinder Cover for 2Litre Table Top Butterfly Rhino | Butterfly Smart | Butterfly Hippo CSM-BJ (Blue), Polyester",Bajaj_1,2,0,0.31%,0.00%,₹568.00,₹0.00,2,0
B0F4XQ6NSJ,B0F4XQ6NSJ,CRASOME Dust Proof Water-resistant Printer Cover for Canon Pixma TS207 (Grey),CRM-Canon-TS207-Grey,2,0,16.67%,0.00%,₹598.00,₹0.00,2,0
B0GPF39X1W,B0GPF39X1W,"CRASOME Clothes Storage Bags with Handle | Saree Bags/Covers with Zip | Wardrobe Organizer for Cloth, Shirts, Salwar Suit, Lehenga, Bedsheets | Transparent Window | Cloth Organiser (STB-MT-BLU-PACK-2)",CRM-STB-MT-BLUE-PACK-2,2,0,4.17%,0.00%,₹998.00,₹0.00,2,0
B0GQ98S46L,B0GQ98S46L,"CRASOME Clothes Storage Bags with Handle | Saree Bags with Zip | Wardrobe Organizer for Cloth, Shirts, Salwar Suit, Lehenga | Transparent Window | Cloth Organiser (Blue Pack of 5)",CRM-WO1-Blue-5Q,4,0,44.44%,0.00%,"₹3,596.00",₹0.00,2,0
B0GRMPF9PF,B0GRMPF9PF,"CRASOME Suitcase Cover 28 Inch Trolley Bag Cover Transparent PVC Suitcase Bag Cover with Zipper Dustproof Waterproof & Cabin Bag Anti-Scratch Luggage Cover for Travel Accessories, (28 Inch)",CRM-Trolley Cover-28-Inch,2,0,5.26%,0.00%,"₹1,298.00",₹0.00,2,0
B0DLW8V1C8,B0DLW8V1C8,CRASOME Dust Proof Water Resistant Printer Cover for Brother HL-L2440DW / HL-L2460DW / HL-L2400D (Blue),CRM-BR-L2321D-L2440DW-BLUE,1,1,10.00%,100.00%,₹283.00,₹283.00,1,1
B0FZSTY43W,B0FZSTY43W,Crasome Pack of 8 Saree Covers with Zip Transparent | Cloth Storage Bags for Clothes | Saree Covers for Storage | Saree Plastic Covers for Storage | Storage Bags for Clothes Large,CRM-TS-STB-PACK-8,1,0,3.13%,0.00%,"₹1,599.00",₹0.00,1,0
B0GQZS7KFP,B0GQZS7KFP,CRASOME Waterproof Trolley Bag Cover/Zippered Clear PVC Transparent Suitcase Cover/Luggage Cover/Traveling Bags Cover/Trolly Bag Cover/Travel Cabin Bag Cover/Suit case Covers (20 Inch),CRM-Trolley Cover-20-Inch,1,0,1.45%,0.00%,₹579.00,₹0.00,1,0